City,Lat,Lng,Max Temp,Humidity,Cloudiness,Wind Speed,Country,Date
Havre-Saint-Pierre,50.2334,-63.5986,60.73,62,37,21.16,CA,2021-07-12 22:04:26
Port Alfred,-33.5906,26.891,54.18,80,68,31.32,ZA,2021-07-12 22:04:26
Rikitea,-23.1203,-134.9692,73.83,74,1,13.31,PF,2021-07-12 22:04:26
Jamestown,42.097,-79.2353,78.85,87,90,5.01,US,2021-07-12 22:04:27
Hanyang,32.1371,105.5126,72.86,95,77,1.61,CN,2021-07-12 22:04:27
Yellowknife,62.456,-114.3525,75.29,40,75,10.51,CA,2021-07-12 22:00:15
Tiarei,-17.5333,-149.3333,86.02,76,10,19.66,PF,2021-07-12 22:04:27
Sao Joao Da Barra,-21.6403,-41.0511,73.49,86,0,9.17,BR,2021-07-12 21:55:15
Sur,22.5667,59.5289,89.4,60,100,6.22,OM,2021-07-12 22:04:28
Hasaki,35.7333,140.8333,75.6,92,100,2.46,JP,2021-07-12 22:04:28
Dunedin,-45.8742,170.5036,43.72,81,100,4.68,NZ,2021-07-12 22:04:28
Carnarvon,-24.8667,113.6333,67.5,65,99,16.84,AU,2021-07-12 22:04:28
Punta Arenas,-53.15,-70.9167,35.11,80,15,25.55,CL,2021-07-12 22:04:29
Longyearbyen,78.2186,15.6401,42.64,87,75,0.0,SJ,2021-07-12 22:04:29
Faanui,-16.4833,-151.75,79.66,73,3,20.51,PF,2021-07-12 22:04:29
Hithadhoo,-0.6,73.0833,81.3,75,100,3.74,MV,2021-07-12 22:04:30
Lata,40.1629,-8.3327,59.05,94,7,5.35,PT,2021-07-12 22:04:30
Bambous Virieux,-20.3428,57.7575,70.21,66,44,17.67,MU,2021-07-12 22:04:30
Sakakah,29.9697,40.2064,92.8,16,1,17.52,SA,2021-07-12 22:04:30
Ushuaia,-54.8,-68.3,32.2,92,97,7.34,AR,2021-07-12 22:00:35
Hobart,-42.8794,147.3294,50.25,82,20,1.99,AU,2021-07-12 22:04:06
Ancud,-41.8697,-73.8203,46.22,75,82,4.34,CL,2021-07-12 22:04:31
Atuona,-9.8,-139.0333,77.52,76,10,21.61,PF,2021-07-12 22:04:31
Cidreira,-30.1811,-50.2056,60.48,86,100,10.0,BR,2021-07-12 22:04:31
Pevek,69.7008,170.3133,40.71,85,25,5.5,RU,2021-07-12 22:03:11
Kalmunai,7.4167,81.8167,80.35,72,100,4.72,LK,2021-07-12 22:04:32
Kruisfontein,-34.0033,24.7314,50.88,63,100,28.03,ZA,2021-07-12 22:04:32
Esperance,-33.8667,121.9,61.03,65,44,26.35,AU,2021-07-12 22:04:32
Kaitangata,-46.2817,169.8464,42.67,90,99,5.35,NZ,2021-07-12 22:04:32
Saint-Philippe,-21.3585,55.7679,69.39,80,43,13.98,RE,2021-07-12 22:04:33
Hermanus,-34.4187,19.2345,46.8,70,100,26.49,ZA,2021-07-12 22:04:33
Baghdad,33.3406,44.4009,91.31,25,0,8.05,IQ,2021-07-12 22:04:33
Tiksi,71.6872,128.8694,45.52,67,42,6.08,RU,2021-07-12 22:04:34
Bluff,-46.6,168.3333,45.63,74,68,5.3,NZ,2021-07-12 22:01:09
Puerto Baquerizo Moreno,-0.9,-89.6,72.09,77,77,11.48,EC,2021-07-12 22:04:34
Freeport,40.6576,-73.5832,82.65,87,90,1.99,US,2021-07-12 22:02:33
Cayenne,4.9333,-52.3333,82.44,83,95,1.99,GF,2021-07-12 22:04:34
Thunder Bay,48.4001,-89.3168,81.99,52,22,8.55,CA,2021-07-12 22:04:34
Jinka,5.65,36.65,65.71,70,64,1.83,ET,2021-07-12 22:04:35
Busselton,-33.65,115.3333,54.05,70,29,21.88,AU,2021-07-12 22:04:35
Shenjiamen,29.9576,122.298,79.03,90,100,24.18,CN,2021-07-12 22:04:35
New Norfolk,-42.7826,147.0587,49.91,83,76,1.99,AU,2021-07-12 22:04:36
Pisco,-13.7,-76.2167,66.02,87,21,7.29,PE,2021-07-12 22:04:36
Leningradskiy,69.3833,178.4167,50.11,76,49,11.81,RU,2021-07-12 22:04:36
Kapaa,22.0752,-159.319,84.52,75,40,4.0,US,2021-07-12 22:04:36
Qaanaaq,77.484,-69.3632,43.11,64,76,7.9,GL,2021-07-12 22:04:37
Axim,4.8699,-2.2405,75.88,79,73,7.31,GH,2021-07-12 22:04:37
Port Huron,42.9709,-82.4249,73.87,78,90,3.44,US,2021-07-12 22:04:37
High Level,58.5169,-117.136,77.63,28,67,7.36,CA,2021-07-12 22:04:37
Cape Town,-33.9258,18.4232,50.11,78,92,4.0,ZA,2021-07-12 22:04:38
Syracuse,37.0881,15.2792,82.62,63,0,7.52,IT,2021-07-12 22:04:38
Lavrentiya,65.5833,-171.0,48.11,85,83,8.55,RU,2021-07-12 22:04:38
Tasiilaq,65.6145,-37.6368,48.36,95,100,16.28,GL,2021-07-12 22:04:39
Tuktoyaktuk,69.4541,-133.0374,54.77,55,99,2.33,CA,2021-07-12 22:04:39
Namatanai,-3.6667,152.4333,81.28,74,49,9.42,PG,2021-07-12 22:04:39
Albany,42.6001,-73.9662,70.63,95,99,3.02,US,2021-07-12 22:02:07
High Rock,26.6208,-78.2833,84.22,70,49,16.49,BS,2021-07-12 22:04:40
Sept-Iles,50.2001,-66.3821,67.24,55,6,5.99,CA,2021-07-12 22:00:05
Saskylakh,71.9167,114.0833,57.49,54,96,8.86,RU,2021-07-12 22:04:40
Nicoya,10.1483,-85.452,85.55,84,100,4.79,CR,2021-07-12 22:04:40
Mataura,-46.1927,168.8643,40.19,95,85,1.97,NZ,2021-07-12 22:04:40
Avarua,-21.2078,-159.775,76.66,74,14,18.41,CK,2021-07-12 22:04:41
Carlsbad,33.1581,-117.3506,97.86,69,20,5.01,US,2021-07-12 22:04:41
Lagoa,39.05,-27.9833,67.23,74,6,18.52,PT,2021-07-12 22:04:41
Talnakh,69.4865,88.3972,36.93,89,100,7.83,RU,2021-07-12 22:04:42
Ondjiva,-17.0667,15.7333,56.05,30,14,7.11,AO,2021-07-12 22:04:42
Otane,-39.8833,176.6333,46.0,86,100,9.46,NZ,2021-07-12 22:04:42
Kwekwe,-18.9281,29.8149,55.62,59,57,3.04,ZW,2021-07-12 22:04:42
Changji,44.0167,87.3167,74.19,40,0,2.24,CN,2021-07-12 22:04:43
Rosario,-32.9468,-60.6393,69.08,70,100,4.34,AR,2021-07-12 22:04:02
Castro,-24.7911,-50.0119,56.35,68,71,1.9,BR,2021-07-12 22:01:13
Katsina,12.9894,7.6006,79.47,68,51,15.35,NG,2021-07-12 22:04:43
Hanna,51.6334,-111.9018,76.78,40,30,2.37,CA,2021-07-12 22:04:43
Bubaque,11.2833,-15.8333,79.2,81,100,5.39,GW,2021-07-12 22:04:44
Hilo,19.7297,-155.09,81.63,72,89,11.81,US,2021-07-12 22:02:02
Nikolskoye,59.7035,30.7861,66.09,60,1,3.36,RU,2021-07-12 22:04:44
Vaini,-21.2,-175.2,77.16,94,75,6.91,TO,2021-07-12 22:04:44
Gandajika,-6.75,23.95,71.15,22,3,4.03,CD,2021-07-12 22:04:45
Ormara,25.2088,64.6357,83.5,83,100,5.44,PK,2021-07-12 22:04:45
Lincoln,40.8,-96.667,86.09,49,1,3.0,US,2021-07-12 22:04:45
Gilgit,35.9221,74.3087,77.47,64,24,3.58,PK,2021-07-12 22:04:46
East London,-33.0153,27.9116,58.24,65,83,25.84,ZA,2021-07-12 22:04:46
Nizhniy Tsasuchey,50.5167,115.1333,63.19,92,95,9.93,RU,2021-07-12 22:04:46
Dingle,10.9995,122.6711,76.96,93,100,3.78,PH,2021-07-12 22:04:46
Karpogory,64.0019,44.4451,58.3,66,66,4.74,RU,2021-07-12 22:04:47
Ayr,55.4627,-4.6339,62.58,82,20,4.61,GB,2021-07-12 22:04:47
Son La,21.3167,103.9,69.01,94,22,1.68,VN,2021-07-12 22:04:47
Kiama,-34.6833,150.8667,51.26,83,3,5.3,AU,2021-07-12 22:04:48
Puerto Ayora,-0.7393,-90.3518,82.36,74,73,9.89,EC,2021-07-12 22:04:48
Ambilobe,-13.2,49.05,65.08,80,0,4.54,MG,2021-07-12 22:04:48
Saint George,37.1041,-113.5841,109.87,15,1,3.0,US,2021-07-12 22:04:49
Camacha,33.0833,-16.3333,66.96,77,40,14.97,PT,2021-07-12 22:04:49
Tura,25.5198,90.2201,73.9,98,92,5.21,IN,2021-07-12 22:04:49
Lompoc,34.6391,-120.4579,90.01,71,1,13.8,US,2021-07-12 22:04:49
Beringovskiy,63.05,179.3167,60.91,61,64,2.82,RU,2021-07-12 22:04:50
Colesberg,-30.72,25.0972,40.59,64,54,27.65,ZA,2021-07-12 22:04:50
Cherskiy,68.75,161.3,48.72,66,97,9.62,RU,2021-07-12 22:04:50
Mabai,23.0128,104.4508,64.09,99,83,3.11,CN,2021-07-12 22:04:51
Liwale,-9.7667,37.9333,62.49,96,16,0.89,TZ,2021-07-12 22:04:51
Deputatskiy,69.3,139.9,45.05,81,100,3.85,RU,2021-07-12 22:04:51
Mehamn,71.0357,27.8492,50.83,95,99,22.15,NO,2021-07-12 22:04:51
Sao Felix Do Xingu,-6.6447,-51.995,84.54,41,92,1.34,BR,2021-07-12 22:00:38
Chicama,-7.8447,-79.1469,64.94,75,100,8.9,PE,2021-07-12 22:04:52
Te Anau,-45.4167,167.7167,35.06,91,37,1.23,NZ,2021-07-12 22:04:52
Turukhansk,65.8167,87.9833,40.15,73,55,6.91,RU,2021-07-12 22:04:52
Paita,-5.0892,-81.1144,73.96,79,65,17.25,PE,2021-07-12 22:04:53
Tabou,4.423,-7.3528,76.35,78,42,9.6,CI,2021-07-12 22:04:53
Bengkulu,-3.8004,102.2655,73.96,89,75,3.91,ID,2021-07-12 22:04:53
Yaan,7.3833,8.5667,71.82,96,90,7.09,NG,2021-07-12 22:04:53
Melfi,40.9965,15.6514,76.23,56,1,5.32,IT,2021-07-12 22:04:54
Kavieng,-2.5744,150.7967,82.98,76,44,15.88,PG,2021-07-12 22:04:54
Linxi,39.7,118.4333,74.43,98,98,11.27,CN,2021-07-12 22:04:54
Laguna,38.421,-121.4238,110.43,32,1,4.0,US,2021-07-12 22:04:54
Half Moon Bay,37.4636,-122.4286,87.75,69,40,20.71,US,2021-07-12 22:04:55
Carutapera,-1.195,-46.02,77.65,85,100,7.36,BR,2021-07-12 22:04:55
Grindavik,63.8424,-22.4338,50.56,93,75,17.27,IS,2021-07-12 22:04:55
Freetown,8.484,-13.2299,76.62,89,100,5.64,SL,2021-07-12 22:04:56
Dikson,73.5069,80.5464,33.24,89,100,20.09,RU,2021-07-12 22:04:56
Russell,32.3502,-85.1999,79.83,89,90,5.75,US,2021-07-12 22:04:56
Airai,-8.9266,125.4092,54.18,55,9,3.8,TL,2021-07-12 22:04:57
Alofi,-19.0595,-169.9187,78.69,83,75,12.66,NU,2021-07-12 22:04:57
Shubarkuduk,49.1447,56.4872,64.11,59,0,6.06,KZ,2021-07-12 22:04:57
Telimele,10.9167,-13.3333,70.99,98,100,1.81,GN,2021-07-12 22:04:57
Butaritari,3.0707,172.7902,82.65,77,84,14.18,KI,2021-07-12 22:04:58
Alakurtti,66.9672,30.3491,60.64,65,89,4.99,RU,2021-07-12 22:04:58
Nenjiang,49.1833,125.2167,73.08,97,98,12.26,CN,2021-07-12 22:04:58
Glazov,58.1394,52.6584,55.71,94,10,3.65,RU,2021-07-12 22:04:58
Tiznit,29.5833,-9.5,86.09,36,100,2.59,MA,2021-07-12 22:04:59
Tamsweg,47.1281,13.811,64.47,97,66,5.91,AT,2021-07-12 22:04:59
Hovd,48.0056,91.6419,58.59,54,67,6.53,MN,2021-07-12 22:04:59
Namie,37.4833,141.0,75.72,91,100,6.29,JP,2021-07-12 22:05:00
Sovetskaya Gavan,48.9723,140.2878,65.88,94,48,3.02,RU,2021-07-12 22:05:00
Peddapalli,18.6167,79.3667,76.77,90,100,10.02,IN,2021-07-12 22:05:00
Narsaq,60.9167,-46.05,48.42,87,100,3.85,GL,2021-07-12 22:05:00
Coahuayana,18.7333,-103.6833,90.88,61,86,5.08,MX,2021-07-12 22:05:01
El Reten,10.6114,-74.2682,90.21,66,12,11.74,CO,2021-07-12 22:05:03
Broken Hill,-31.95,141.4333,48.56,64,100,5.59,AU,2021-07-12 22:05:03
Barrow,71.2906,-156.7887,46.42,71,40,17.27,US,2021-07-12 22:05:03
Joshimath,30.5667,79.5667,69.22,89,96,1.95,IN,2021-07-12 22:05:04
Lichuan,30.3,108.85,64.11,99,29,2.57,CN,2021-07-12 22:05:04
Nigde,37.8333,34.75,63.73,38,0,2.13,TR,2021-07-12 22:05:05
Manbij,36.5281,37.9549,84.97,47,0,15.46,SY,2021-07-12 22:05:05
Petatlan,17.5167,-101.2667,91.2,68,100,4.83,MX,2021-07-12 22:05:05
Luderitz,-26.6481,15.1594,54.05,76,23,11.52,NA,2021-07-12 22:05:05
Naze,28.3667,129.4833,79.72,84,100,5.64,JP,2021-07-12 22:05:06
Port Lincoln,-34.7333,135.8667,49.91,76,51,11.41,AU,2021-07-12 22:05:06
Lagos,6.5833,3.75,76.69,83,89,5.7,NG,2021-07-12 22:03:10
Ixtapa,20.7,-105.2,90.23,66,40,10.36,MX,2021-07-12 22:05:06
Mar Del Plata,-38.0023,-57.5575,55.09,72,100,0.0,AR,2021-07-12 22:04:48
Kamenka,51.3223,42.7678,61.48,69,0,7.61,RU,2021-07-12 22:05:07
Olga,43.7444,135.2892,68.92,96,44,1.5,RU,2021-07-12 22:05:07
Buala,-8.145,159.5921,81.75,80,97,8.59,SB,2021-07-12 22:05:07
Kodiak,57.79,-152.4072,50.23,95,100,8.86,US,2021-07-12 22:02:49
Amga,60.8953,131.9608,62.17,59,20,3.2,RU,2021-07-12 22:05:08
Uto,32.6833,130.6667,79.81,79,100,1.59,JP,2021-07-12 22:05:08
Oyama,36.3,139.8,79.59,85,100,2.15,JP,2021-07-12 22:05:08
Guerrero Negro,27.9769,-114.0611,80.65,54,94,13.73,MX,2021-07-12 22:05:08
Buraydah,26.326,43.975,94.91,11,97,10.31,SA,2021-07-12 22:05:09
Pimentel,-6.8367,-79.9342,70.09,73,0,17.27,PE,2021-07-12 22:05:09
Ngerengere,-6.75,38.1167,66.42,90,52,1.66,TZ,2021-07-12 22:05:09
Ponta Do Sol,32.6667,-17.1,74.71,82,100,11.97,PT,2021-07-12 22:05:10
Katangli,51.7102,143.2326,61.41,96,100,4.65,RU,2021-07-12 22:05:10
Prainha,-1.8,-53.48,76.14,92,94,3.87,BR,2021-07-12 22:05:10
Chokurdakh,70.6333,147.9167,45.09,45,100,9.17,RU,2021-07-12 22:05:11
Mugan,35.9404,101.3842,55.74,53,8,4.07,CN,2021-07-12 22:05:11
Haines Junction,60.7522,-137.5108,54.41,73,100,5.44,CA,2021-07-12 22:05:11
Klaksvik,62.2266,-6.589,50.92,92,75,1.43,FO,2021-07-12 22:05:11
Touros,-5.1989,-35.4608,76.1,78,44,15.55,BR,2021-07-12 22:05:12
Teluknaga,-6.0989,106.6381,79.63,88,20,5.01,ID,2021-07-12 22:05:12
Katsuura,35.1333,140.3,79.11,91,100,7.7,JP,2021-07-12 22:05:12
Caravelas,-17.7125,-39.2481,71.33,80,0,6.26,BR,2021-07-12 22:05:12
Fort Nelson,58.8053,-122.7002,76.21,35,100,5.26,CA,2021-07-12 22:00:13
Vao,-22.6667,167.4833,67.6,66,100,13.15,NC,2021-07-12 22:05:13
Bjornevatn,69.6672,29.9847,55.74,94,75,10.36,NO,2021-07-12 22:05:13
Carballo,43.213,-8.691,60.87,89,31,3.2,ES,2021-07-12 22:05:13
San Quintin,30.4833,-115.95,72.68,65,100,8.72,MX,2021-07-12 22:05:14
Altamirano,16.8833,-92.15,63.25,95,100,3.13,MX,2021-07-12 22:05:14
Madang,-5.2246,145.7966,78.26,89,81,2.42,PG,2021-07-12 22:05:14
Bouca,6.5105,18.2733,70.41,94,100,2.01,CF,2021-07-12 22:05:14
Zwedru,6.0667,-8.1281,71.33,98,38,3.78,LR,2021-07-12 22:05:15
Waipawa,-41.4122,175.5153,45.23,73,60,7.63,NZ,2021-07-12 22:05:15
Nanyuki,0.0167,37.0728,54.75,87,25,9.22,KE,2021-07-12 22:05:15
Fortuna,40.5982,-124.1573,98.47,87,90,13.8,US,2021-07-12 22:05:15
Praia Da Vitoria,38.7333,-27.0667,68.76,78,64,14.7,PT,2021-07-12 22:05:16
Alice Springs,-23.7,133.8833,63.95,20,57,16.11,AU,2021-07-12 22:01:16
Marshfield,44.6689,-90.1718,78.75,53,20,9.22,US,2021-07-12 22:04:28
Ranong,9.9658,98.6348,77.32,89,42,3.94,TH,2021-07-12 22:05:16
Roura,4.7263,-52.3274,82.31,78,84,4.61,GF,2021-07-12 22:05:17
College,64.8569,-147.8028,79.0,31,20,0.0,US,2021-07-12 22:05:17
Vila Velha,-20.3297,-40.2925,77.97,71,20,3.44,BR,2021-07-12 22:05:17
Fairbanks,64.8378,-147.7164,80.6,33,12,1.01,US,2021-07-12 22:00:18
Torbay,47.6666,-52.7314,65.75,86,90,19.57,CA,2021-07-12 22:05:17
Udachnyy,66.4167,112.4,61.74,72,63,9.35,RU,2021-07-12 22:05:18
Shimoda,34.6667,138.95,75.31,83,100,2.44,JP,2021-07-12 22:05:18
Khatanga,71.9667,102.5,44.69,63,100,2.55,RU,2021-07-12 22:05:18
Tongren,27.7172,109.1853,74.77,98,100,3.09,CN,2021-07-12 22:05:19
Acapulco,16.8634,-99.8901,85.82,74,40,6.91,MX,2021-07-12 22:05:17
Nantucket,41.2835,-70.0995,69.26,93,90,16.11,US,2021-07-12 22:02:28
Jining,35.405,116.5814,84.0,1,67,13.87,CN,2021-07-12 22:05:19
Mahon,39.8885,4.2658,73.96,73,40,24.16,ES,2021-07-12 22:05:19
Richards Bay,-28.783,32.0377,70.25,39,11,14.12,ZA,2021-07-12 22:05:20
Auki,-8.7676,160.7034,81.61,75,72,4.0,SB,2021-07-12 22:05:20
Petropavlovsk-Kamchatskiy,53.0452,158.6483,68.59,68,0,8.95,RU,2021-07-12 22:02:57
Berbera,10.4396,45.0143,90.91,42,65,23.2,SO,2021-07-12 22:05:20
Aykhal,66.0,111.5,59.54,76,98,6.71,RU,2021-07-12 22:05:20
Mokhsogollokh,61.4681,128.9203,62.53,59,12,2.93,RU,2021-07-12 22:05:21
Tateyama,34.9833,139.8667,79.02,87,100,6.76,JP,2021-07-12 22:02:56
Geraldton,-28.7667,114.6,63.01,72,75,19.57,AU,2021-07-12 22:05:21
Iqaluit,63.7506,-68.5145,45.7,87,100,5.01,CA,2021-07-12 22:05:21
Jaguey Grande,22.5269,-81.1286,83.05,50,33,11.25,CU,2021-07-12 22:05:22
Maragogi,-9.0122,-35.2225,75.24,82,2,8.39,BR,2021-07-12 22:05:22
Kemin,42.7846,75.6892,66.22,48,97,5.88,KG,2021-07-12 22:05:22
Severo-Kurilsk,50.6789,156.125,53.76,90,81,8.81,RU,2021-07-12 22:05:22
Olafsvik,64.8945,-23.7142,50.9,87,99,11.41,IS,2021-07-12 22:05:23
Ola,59.5833,151.2833,52.39,91,100,3.04,RU,2021-07-12 22:05:23
Roma,43.2128,-75.4557,78.39,85,90,9.22,US,2021-07-12 22:03:47
Flin Flon,54.7682,-101.865,77.05,34,23,16.22,CA,2021-07-12 22:00:49
Bethel,41.3712,-73.414,77.99,87,90,1.99,US,2021-07-12 22:05:23
Goure,13.9835,10.2704,86.74,49,64,14.83,NE,2021-07-12 22:05:24
Olinda,-8.0089,-34.8553,74.93,73,75,9.22,BR,2021-07-12 22:05:24
Los Llanos De Aridane,28.6585,-17.9182,71.35,78,0,14.97,ES,2021-07-12 22:05:24
Nome,64.5011,-165.4064,62.17,67,6,9.66,US,2021-07-12 22:03:05
Flinders,-34.5833,150.8552,51.06,86,4,5.5,AU,2021-07-12 22:05:25
Tecoanapa,16.5167,-98.75,85.46,67,25,8.75,MX,2021-07-12 22:05:25
Sola,-13.8833,167.55,80.29,77,37,12.24,VU,2021-07-12 22:05:25
Cabo San Lucas,22.8909,-109.9124,92.8,40,20,13.8,MX,2021-07-12 22:04:00
Upernavik,72.7868,-56.1549,42.84,67,0,5.37,GL,2021-07-12 22:05:25
Georgetown,5.4112,100.3354,79.9,86,20,0.0,MY,2021-07-12 22:02:52
Kalabo,-14.97,22.6814,56.12,44,3,4.41,ZM,2021-07-12 22:05:26
Ahipara,-35.1667,173.1667,54.18,66,100,17.74,NZ,2021-07-12 22:05:26
Spartanburg,34.9496,-81.9321,88.68,74,1,0.0,US,2021-07-12 22:00:51
Fare,-16.7,-151.0167,79.18,74,1,20.38,PF,2021-07-12 22:05:26
Priiskovyy,51.9333,116.6333,62.71,98,100,4.56,RU,2021-07-12 22:05:27
Souillac,-20.5167,57.5167,70.36,74,27,17.02,MU,2021-07-12 22:05:27
Portland,45.5234,-122.6762,92.44,42,0,1.01,US,2021-07-12 22:00:28
Houma,29.5958,-90.7195,86.02,73,27,7.0,US,2021-07-12 22:03:59
Kropotkin,45.4375,40.5756,77.22,37,21,12.77,RU,2021-07-12 22:05:27
Dukat,62.55,155.55,51.64,90,100,5.48,RU,2021-07-12 22:05:28
Emerald,-23.5333,148.1667,56.98,57,6,6.49,AU,2021-07-12 22:05:28
Namibe,-15.1961,12.1522,63.73,77,69,2.68,AO,2021-07-12 22:05:28
Dhenkanal,20.6667,85.6,83.66,90,100,4.32,IN,2021-07-12 22:05:29
Luanda,-8.8368,13.2343,69.53,90,99,12.57,AO,2021-07-12 22:01:01
Wuwei,37.9281,102.6414,71.49,28,0,5.68,CN,2021-07-12 22:05:29
Alappuzha,9.49,76.3264,79.14,84,100,15.01,IN,2021-07-12 22:05:29
Kamaishi,39.2667,141.8833,69.12,96,70,3.0,JP,2021-07-12 22:05:29
Yarmouth,41.7057,-70.2286,71.37,93,90,18.99,US,2021-07-12 22:05:30
Taganak,6.0833,118.3,81.25,81,64,6.44,PH,2021-07-12 22:05:30
Bonnyville,54.2668,-110.735,78.44,31,12,11.92,CA,2021-07-12 22:05:30
Can Tho,10.0333,105.7833,76.98,100,40,0.0,VN,2021-07-12 22:02:59
Santa Maria,-29.6842,-53.8069,61.83,77,92,5.46,BR,2021-07-12 22:05:31
Adre,13.4667,22.2,72.99,72,100,6.93,TD,2021-07-12 22:05:31
Yarada,17.65,83.2667,81.52,82,100,4.0,IN,2021-07-12 22:05:31
Emmett,43.8735,-116.4993,104.49,18,0,8.55,US,2021-07-12 22:05:16
Tuatapere,-46.1333,167.6833,40.32,86,60,4.7,NZ,2021-07-12 22:05:32
Nieuw Amsterdam,5.8833,-55.0833,84.36,78,20,2.3,SR,2021-07-12 22:05:32
Bandarbeyla,9.4942,50.8122,77.54,82,100,30.4,SO,2021-07-12 22:05:32
Thompson,55.7435,-97.8558,65.95,69,100,8.79,CA,2021-07-12 22:05:32
Banda Aceh,5.5577,95.3222,79.32,76,93,11.9,ID,2021-07-12 22:05:33
West Wendover,40.7391,-114.0733,98.26,13,56,9.89,US,2021-07-12 22:03:10
Bowen,-20.0167,148.2333,62.74,90,50,8.72,AU,2021-07-12 22:05:33
Taoudenni,22.6783,-3.9836,102.45,14,13,5.19,ML,2021-07-12 22:05:33
Coihaique,-45.5752,-72.0662,42.75,75,75,5.75,CL,2021-07-12 22:05:34
Hambantota,6.1241,81.1185,79.14,100,0,11.5,LK,2021-07-12 22:05:34
Grand Forks,47.9417,-97.4337,91.33,33,40,12.66,US,2021-07-12 22:05:34
Dire,12.2833,-10.9667,76.48,89,98,2.55,ML,2021-07-12 22:05:34
Broome,42.2506,-75.833,79.86,83,90,1.99,US,2021-07-12 22:05:35
Finschhafen,-6.6024,147.8681,78.37,84,92,9.17,PG,2021-07-12 22:05:35
Sindou,10.6667,-5.1667,75.9,79,55,3.13,BF,2021-07-12 22:05:35
Yauya,-8.9833,-77.3,55.63,55,97,5.99,PE,2021-07-12 22:05:36
Ampanihy,-24.7,44.75,65.17,48,0,6.69,MG,2021-07-12 22:05:36
Nanortalik,60.1432,-45.2371,39.74,91,69,10.85,GL,2021-07-12 22:05:36
Taldan,53.6667,124.8,60.73,100,100,5.77,RU,2021-07-12 22:05:36
North Bend,43.4065,-124.2243,75.24,75,75,28.77,US,2021-07-12 22:05:09
Anahuac,27.2333,-100.15,92.7,24,100,21.65,MX,2021-07-12 22:05:37
Voi,-3.3945,38.563,66.97,85,22,5.97,KE,2021-07-12 22:05:37
Kangaatsiaq,68.3065,-53.4641,41.72,80,0,8.66,GL,2021-07-12 22:05:37
Tocache,-8.1842,-76.5125,74.86,81,88,0.83,PE,2021-07-12 22:05:38
El Tigre,8.8875,-64.2454,81.7,65,70,12.95,VE,2021-07-12 22:02:52
Yar-Sale,66.8333,70.8333,41.7,64,100,10.11,RU,2021-07-12 22:05:38
Codrington,-38.2667,141.9667,49.89,94,100,10.65,AU,2021-07-12 22:05:38
Port Jervis,41.3751,-74.6927,84.15,94,83,6.98,US,2021-07-12 22:05:38
Evensk,61.95,159.2333,51.22,94,100,5.95,RU,2021-07-12 22:05:39
Padang,-0.9492,100.3543,75.74,90,100,5.7,ID,2021-07-12 22:05:39
Praya,14.9215,-23.5087,75.74,69,75,9.22,CV,2021-07-12 22:05:39
Salalah,17.0151,54.0924,80.69,89,90,5.75,OM,2021-07-12 22:05:40
Verkhnyaya Inta,65.9811,60.3094,41.0,74,89,3.33,RU,2021-07-12 22:05:40
Cooma,-36.2333,149.1333,40.64,82,21,7.38,AU,2021-07-12 22:05:17
Vardo,70.3705,31.1107,53.8,89,100,17.49,NO,2021-07-12 22:05:40
Telfs,47.3,11.0667,67.46,86,94,6.06,AT,2021-07-12 22:05:41
Mahebourg,-20.4081,57.7,70.25,68,45,18.23,MU,2021-07-12 22:05:41
Malmyzh,56.5205,50.6818,65.03,66,55,7.34,RU,2021-07-12 22:05:41
Jalu,29.0331,21.5482,90.27,23,0,7.47,LY,2021-07-12 22:05:41
Makakilo City,21.3469,-158.0858,84.52,60,40,14.97,US,2021-07-12 22:05:42
Rocha,-34.4833,-54.3333,61.81,92,100,3.65,UY,2021-07-12 22:05:42
Brewster,41.3973,-73.6171,78.91,89,90,1.01,US,2021-07-12 22:05:42
Nchelenge,-9.3451,28.734,62.91,45,10,4.81,ZM,2021-07-12 22:05:42
Umm Lajj,25.0213,37.2685,86.86,55,0,8.75,SA,2021-07-12 22:05:43
Aasiaat,68.7098,-52.8699,40.12,85,10,10.11,GL,2021-07-12 22:05:43
Lazaro Cardenas,17.9583,-102.2,83.88,74,100,5.77,MX,2021-07-12 22:05:43
Oktyabrskiy,54.4815,53.471,58.59,79,17,3.2,RU,2021-07-12 22:05:43
Kichera,55.9375,110.0997,61.03,72,1,3.85,RU,2021-07-12 22:05:44
Yatou,37.15,122.3833,74.86,93,100,20.33,CN,2021-07-12 22:05:44
Dinhata,26.1333,89.4667,82.26,82,62,4.32,IN,2021-07-12 22:05:44
Quelimane,-17.8786,36.8883,66.15,82,0,2.3,MZ,2021-07-12 22:05:45
Porto Belo,-27.1578,-48.5531,66.96,91,87,4.74,BR,2021-07-12 22:05:45
Arraial Do Cabo,-22.9661,-42.0278,70.27,80,0,9.08,BR,2021-07-12 22:05:45
Mao,39.8885,4.2658,73.96,73,40,24.16,ES,2021-07-12 22:05:45
Kahului,20.8947,-156.47,86.02,61,40,19.57,US,2021-07-12 22:05:15
Vrangel,42.7297,133.0839,67.41,96,52,0.11,RU,2021-07-12 22:05:46
Adrar,20.5022,-10.0711,91.51,32,64,6.29,MR,2021-07-12 22:05:46
Harwich,51.9419,1.2844,63.0,94,89,1.01,GB,2021-07-12 22:05:46
Wilmington,34.2257,-77.9447,88.99,68,20,12.66,US,2021-07-12 22:02:20
Inirida,3.8653,-67.9239,79.18,92,28,0.81,CO,2021-07-12 22:05:47
Sitka,57.0531,-135.33,57.09,88,90,10.36,US,2021-07-12 22:05:47
Murray,40.6669,-111.888,104.61,18,1,1.99,US,2021-07-12 22:05:47
Lorengau,-2.0226,147.2712,83.84,75,53,13.02,PG,2021-07-12 22:05:47
Pacific Grove,36.6177,-121.9166,94.6,83,40,4.0,US,2021-07-12 22:05:48
Mykhaylivka,47.2724,35.2224,66.47,86,99,9.75,UA,2021-07-12 22:05:48
Victoria,22.2855,114.1577,86.32,83,100,4.0,HK,2021-07-12 22:02:47
Shirokiy,49.758,129.523,72.21,84,76,8.55,RU,2021-07-12 22:05:48
Guiyang,26.5833,106.7167,69.28,93,49,8.5,CN,2021-07-12 22:05:49
Lebu,-37.6167,-73.65,49.44,80,0,8.01,CL,2021-07-12 22:05:49
Sobolevo,54.4299,31.8996,69.44,83,29,2.35,RU,2021-07-12 22:05:49
Awjilah,29.1081,21.2869,89.6,26,0,6.58,LY,2021-07-12 22:05:49
Negombo,7.2083,79.8358,82.45,83,40,9.22,LK,2021-07-12 22:05:50
Bredasdorp,-34.5322,20.0403,46.27,82,94,19.64,ZA,2021-07-12 22:05:50
Mnogovershinnyy,53.9353,139.9242,63.09,90,100,2.55,RU,2021-07-12 22:05:50
Baruun-Urt,46.6806,113.2792,65.7,80,100,6.06,MN,2021-07-12 22:05:51
Dasoguz,41.8363,59.9666,73.51,25,4,7.67,TM,2021-07-12 22:05:51
Gemena,3.25,19.7667,69.71,96,60,2.95,CD,2021-07-12 22:05:51
Plouzane,48.3833,-4.6167,59.05,91,75,5.75,FR,2021-07-12 22:05:51
San Patricio,28.017,-97.5169,92.12,64,100,12.84,US,2021-07-12 22:05:52
Portobelo,9.55,-79.65,80.96,84,100,6.08,PA,2021-07-12 22:05:52
Nara,34.6851,135.8049,77.5,94,7,1.23,JP,2021-07-12 22:05:52
Boyuibe,-20.4167,-63.2833,84.11,46,90,12.37,BO,2021-07-12 22:05:52
Fukue,32.6881,128.8419,79.52,92,87,8.79,JP,2021-07-12 22:05:53
Ouidah,6.3631,2.0851,77.81,81,60,11.16,BJ,2021-07-12 22:05:53
La Libertad,-2.2333,-80.9,73.06,78,75,11.5,EC,2021-07-12 22:05:53
Staryy Nadym,65.6118,72.6842,43.97,72,96,8.59,RU,2021-07-12 22:05:53
Roald,62.5833,6.1333,63.16,88,75,2.3,NO,2021-07-12 22:05:54
Chuy,-33.6971,-53.4616,59.56,88,99,6.71,UY,2021-07-12 22:05:54
Tromso,69.6496,18.957,58.37,72,75,1.99,NO,2021-07-12 22:05:54
Kijang,35.2442,129.2139,82.13,92,100,4.94,KR,2021-07-12 22:05:55
Tari,12.4086,4.4914,71.33,85,100,26.55,NG,2021-07-12 22:05:55
Ukiah,39.1502,-123.2078,108.52,21,1,3.0,US,2021-07-12 22:05:55
Maldonado,-34.6667,-54.9167,62.22,90,100,5.26,UY,2021-07-12 22:05:55
Cockburn Town,21.4612,-71.1419,81.97,84,78,23.26,TC,2021-07-12 22:05:56
Westlock,54.1502,-113.8688,84.11,26,33,6.08,CA,2021-07-12 22:05:56
Mallow,52.1333,-8.6333,60.03,96,42,8.25,IE,2021-07-12 22:04:31
Srandakan,-7.9386,110.2506,56.73,91,55,4.92,ID,2021-07-12 22:05:56
Innisfail,-17.5333,146.0333,69.26,86,99,4.94,AU,2021-07-12 22:01:41
Malazgirt,39.1427,42.5401,64.83,36,1,3.4,TR,2021-07-12 22:05:57
Gornyak,50.9942,81.4661,60.71,84,80,7.52,RU,2021-07-12 22:05:57
Parral,26.9333,-105.6667,80.6,29,94,14.47,MX,2021-07-12 22:04:56
Berlevag,70.8578,29.0864,51.76,89,100,18.28,NO,2021-07-12 22:05:57
Muzaffarpur,26.1167,85.4,78.73,72,14,5.1,IN,2021-07-12 22:05:58
Biedenkopf,50.9167,8.5333,65.1,84,80,2.86,DE,2021-07-12 22:05:58
Hami,42.8,93.45,79.25,28,94,14.25,CN,2021-07-12 22:05:58
Norman Wells,65.282,-126.8329,78.85,24,9,5.59,CA,2021-07-12 22:05:58
Puerto Escondido,15.85,-97.0667,85.03,61,40,0.0,MX,2021-07-12 22:05:59
Ostrovnoy,68.0531,39.5131,53.19,87,100,9.44,RU,2021-07-12 22:05:59
Sembe,1.6481,14.5806,71.67,94,100,2.71,CG,2021-07-12 22:05:59
Trinidad,-14.8333,-64.9,84.18,51,20,0.0,BO,2021-07-12 22:06:00
Jizan,17.3333,42.6667,89.82,50,93,5.79,SA,2021-07-12 22:06:00
Bereznik,62.8551,42.7072,63.43,97,96,2.71,RU,2021-07-12 22:06:00
Zaozerne,45.1582,33.2787,72.95,84,22,12.62,UA,2021-07-12 22:06:00
Severnoye,56.3491,78.3619,57.85,96,33,6.67,RU,2021-07-12 22:06:01
Tshikapa,-6.4167,20.8,68.47,25,46,2.21,CD,2021-07-12 22:06:01
Zelenogorskiy,55.0333,87.0,57.72,98,89,2.55,RU,2021-07-12 22:06:01
Aquiraz,-3.9014,-38.3911,82.49,82,61,14.29,BR,2021-07-12 22:06:02
Nong Phai,15.9903,101.0618,76.14,89,48,1.81,TH,2021-07-12 22:06:02
Catuday,16.2923,119.8062,80.31,80,100,8.86,PH,2021-07-12 22:06:02
Boguchany,58.3814,97.4531,58.41,79,29,2.1,RU,2021-07-12 22:06:02
Mecca,21.4267,39.8261,89.92,26,55,6.78,SA,2021-07-12 22:01:49
Yeppoon,-23.1333,150.7333,58.78,88,53,11.34,AU,2021-07-12 22:06:03
Belaya Gora,68.5333,146.4167,50.83,50,98,5.59,RU,2021-07-12 22:06:03
Troitsko-Pechorsk,62.7084,56.1964,42.58,82,11,3.85,RU,2021-07-12 22:06:03
Jhawarian,32.3614,72.6228,82.17,77,100,1.5,PK,2021-07-12 22:06:04
Mugur-Aksy,50.35,90.5,47.39,84,15,5.88,RU,2021-07-12 22:06:04
Opuwo,-18.0607,13.84,55.81,39,4,5.32,NA,2021-07-12 22:06:04
Ribeira Grande,38.5167,-28.7,68.86,74,36,10.69,PT,2021-07-12 22:05:43
Jaleswar,26.6471,85.8008,83.64,76,24,5.57,NP,2021-07-12 22:06:05
Cam Ranh,11.9214,109.1591,76.96,88,20,4.61,VN,2021-07-12 22:06:05
Atasu,48.6814,71.6433,60.96,74,49,8.37,KZ,2021-07-12 22:06:05
Nouadhibou,20.931,-17.0347,68.09,94,6,17.25,MR,2021-07-12 22:06:06
Maunabo,18.0072,-65.8993,85.64,86,52,13.58,PR,2021-07-12 22:06:06
Mount Vernon,40.9126,-73.8371,82.29,84,90,7.0,US,2021-07-12 22:06:06
Ambon,-3.6954,128.1814,77.14,94,40,1.14,ID,2021-07-12 22:06:07
Voh,-20.9667,164.7,67.95,75,81,4.03,NC,2021-07-12 22:06:07
Ascension,30.2169,-90.9001,86.09,78,1,0.0,US,2021-07-12 22:06:07
Colares,38.7992,-9.4469,64.29,72,0,11.99,PT,2021-07-12 22:06:07
Provideniya,64.3833,-173.3,46.51,81,0,11.18,RU,2021-07-12 22:06:08
Okhotsk,59.3833,143.3,55.47,91,100,1.16,RU,2021-07-12 22:06:08
Goragorskiy,43.5031,45.0792,66.42,36,73,5.39,RU,2021-07-12 22:06:08
Palmer,42.1584,-72.3287,71.47,84,90,1.01,US,2021-07-12 22:05:04
Kesova Gora,57.5836,37.2922,65.66,68,4,4.85,RU,2021-07-12 22:06:09
Kununurra,-15.7667,128.7333,55.38,82,66,0.0,AU,2021-07-12 22:02:56
Pauini,-7.7136,-66.9764,83.37,44,0,0.36,BR,2021-07-12 22:06:09
Marawi,7.9986,124.2928,68.65,92,79,3.49,PH,2021-07-12 22:06:09
Launceston,-41.45,147.1667,49.64,94,90,3.0,AU,2021-07-12 22:06:10
Rohnert Park,38.3396,-122.7011,100.58,44,1,5.99,US,2021-07-12 22:05:05
Urusha,54.05,122.9,58.03,99,100,6.11,RU,2021-07-12 22:06:10
Xinzhou,38.4092,112.7333,66.96,80,21,0.25,CN,2021-07-12 22:06:10
Serenje,-13.2325,30.2352,51.57,84,0,4.38,ZM,2021-07-12 22:06:10
Manokwari,-0.8667,134.0833,78.91,74,71,3.27,ID,2021-07-12 22:06:11
Antsohihy,-14.8796,47.9875,69.49,61,0,10.45,MG,2021-07-12 22:06:11
Grand Gaube,-20.0064,57.6608,70.38,64,1,5.01,MU,2021-07-12 22:06:11
Charters Towers,-20.1,146.2667,59.11,86,18,6.58,AU,2021-07-12 22:06:12
Njombe,-9.3333,34.7667,46.24,92,4,3.53,TZ,2021-07-12 22:06:12
Naryan-Mar,67.6713,53.087,37.8,91,2,4.5,RU,2021-07-12 22:06:12
Inhambane,-23.865,35.3833,66.07,79,0,9.82,MZ,2021-07-12 22:06:12
Tolaga Bay,-38.3667,178.3,51.42,81,100,21.72,NZ,2021-07-12 22:06:13
Cape Canaveral,28.4058,-80.6048,86.07,79,75,11.99,US,2021-07-12 22:06:13
San Onofre,9.7359,-75.5263,83.08,85,46,10.25,CO,2021-07-12 22:06:13
Abu Samrah,35.3029,37.1841,77.31,56,0,9.84,SY,2021-07-12 22:06:13
Kalga,50.9251,118.898,63.97,99,100,2.37,RU,2021-07-12 22:06:14
Kenai,60.5544,-151.2583,63.03,73,90,3.44,US,2021-07-12 22:06:14
Kavaratti,10.5669,72.642,82.53,81,95,21.74,IN,2021-07-12 22:06:14
Imbituba,-28.24,-48.6703,66.81,89,100,12.62,BR,2021-07-12 22:02:00
Polis,35.0367,32.4264,76.82,44,0,3.6,CY,2021-07-12 22:06:15
Knysna,-34.0363,23.0471,46.78,75,88,21.32,ZA,2021-07-12 22:06:15
Hamilton,39.1834,-84.5333,85.98,70,40,1.01,US,2021-07-12 22:03:54
Niquelandia,-14.4739,-48.4597,72.75,35,0,4.0,BR,2021-07-12 22:01:46
Amalapuram,16.5833,82.0167,77.56,92,100,4.74,IN,2021-07-12 22:06:15
Siderno,38.2779,16.302,80.33,43,0,5.75,IT,2021-07-12 22:06:16
Miyoshi,35.0833,137.0667,74.86,81,0,3.2,JP,2021-07-12 22:06:16
Juneau,58.3019,-134.4197,57.25,98,100,8.01,US,2021-07-12 22:01:41
Jijiga,9.35,42.8,64.76,71,100,9.31,ET,2021-07-12 22:06:16
Nuuk,64.1835,-51.7216,48.81,76,70,9.22,GL,2021-07-12 22:06:17
Bambanglipuro,-7.95,110.2833,56.61,91,51,4.85,ID,2021-07-12 22:06:17
Aswan,24.0934,32.907,92.97,18,3,11.18,EG,2021-07-12 22:06:17
Nagato,34.3833,131.2,76.95,90,92,5.17,JP,2021-07-12 22:06:18
Okha,53.5739,142.9478,61.3,94,100,5.99,RU,2021-07-12 22:06:18
Barcelos,41.5388,-8.6151,61.92,91,81,7.47,PT,2021-07-12 22:05:33
Binzhou,37.3667,118.0167,80.31,86,68,11.3,CN,2021-07-12 22:05:36
Polunochnoye,60.8697,60.4153,45.18,74,9,5.03,RU,2021-07-12 22:06:18
Baker City,44.7749,-117.8344,93.16,18,1,10.36,US,2021-07-12 22:06:19
Pangnirtung,66.1451,-65.7125,48.2,87,90,8.05,CA,2021-07-12 22:06:19
Denpasar,-8.65,115.2167,78.46,94,20,10.36,ID,2021-07-12 22:02:27
Mersing,2.4312,103.8405,76.46,90,100,4.52,MY,2021-07-12 22:06:19
Skelleftea,64.7507,20.9528,62.01,63,12,2.3,SE,2021-07-12 22:06:19
Mareeba,-17.0,145.4333,67.48,91,30,2.64,AU,2021-07-12 22:06:20
Constitucion,-35.3333,-72.4167,51.08,79,37,2.51,CL,2021-07-12 22:06:20
Hay River,60.8156,-115.7999,69.69,38,6,1.36,CA,2021-07-12 22:06:20
Dhidhdhoo,6.8833,73.1,81.81,79,100,15.95,MV,2021-07-12 22:06:20
Soe,-9.8607,124.284,58.41,79,6,4.79,ID,2021-07-12 22:06:21
Lipin Bor,60.2622,37.9763,64.58,76,15,5.39,RU,2021-07-12 22:06:21
Ventspils,57.3894,21.5606,69.73,78,0,4.61,LV,2021-07-12 22:04:43
Bathsheba,13.2167,-59.5167,83.01,74,40,20.71,BB,2021-07-12 22:06:21
Ahome,25.9167,-109.1833,95.14,50,93,5.99,MX,2021-07-12 22:06:22
Rio Gallegos,-51.6226,-69.2181,35.65,75,0,25.32,AR,2021-07-12 22:06:22
Ilulissat,69.2167,-51.1,51.82,54,20,6.91,GL,2021-07-12 22:06:22
Zhigansk,66.7697,123.3711,55.47,73,100,4.5,RU,2021-07-12 22:06:22
Sarahan,31.5167,77.8,62.28,89,68,1.34,IN,2021-07-12 22:06:23
Port Hawkesbury,45.6169,-61.3485,67.91,66,64,7.0,CA,2021-07-12 22:06:23
Wamba,8.9333,8.6,71.83,95,96,2.59,NG,2021-07-12 22:06:23
Yecla,38.6137,-1.1147,84.36,22,56,10.11,ES,2021-07-12 22:06:23
Nueva Gerona,21.8833,-82.8,85.08,67,71,9.1,CU,2021-07-12 22:06:24
El Tocuyo,9.7873,-69.7937,82.26,61,66,7.58,VE,2021-07-12 22:06:24
Upata,8.0086,-62.3989,75.2,93,100,5.5,VE,2021-07-12 22:06:24
Kologriv,58.8275,44.3178,65.5,78,34,5.1,RU,2021-07-12 22:06:25
Beloha,-25.1667,45.05,65.68,70,0,7.09,MG,2021-07-12 22:06:25
Northam,51.0333,-4.2167,61.66,95,16,12.03,GB,2021-07-12 22:06:25
Gawler,-34.6,138.7333,52.92,86,100,5.48,AU,2021-07-12 22:06:25
Agadir,30.4202,-9.5982,84.65,51,71,3.58,MA,2021-07-12 22:06:26
Darhan,49.4867,105.9228,58.93,86,97,4.23,MN,2021-07-12 22:06:26
Bud,39.447,-86.1758,84.22,71,96,8.52,US,2021-07-12 22:06:26
Kinablangan,7.6947,126.5503,76.33,94,100,5.48,PH,2021-07-12 22:06:26
Semnan,35.5729,53.3971,83.01,42,0,9.37,IR,2021-07-12 22:06:27
Dwarka,22.2394,68.9678,83.35,82,99,11.25,IN,2021-07-12 22:06:27
Mumford,5.2618,-0.759,76.1,82,11,9.6,GH,2021-07-12 22:06:27
Coos Bay,43.3665,-124.2179,92.86,75,75,28.77,US,2021-07-12 22:06:27
Saurimo,-9.6608,20.3916,58.82,38,32,4.21,AO,2021-07-12 22:06:28
Viedma,-40.8135,-62.9967,45.7,60,0,5.23,AR,2021-07-12 22:06:28
Ternate,0.8,127.4,79.7,82,34,2.75,ID,2021-07-12 22:06:28
Cantagallo,7.376,-73.9196,90.52,62,5,2.04,CO,2021-07-12 22:06:29
Coquimbo,-29.9533,-71.3436,55.47,81,96,3.65,CL,2021-07-12 22:03:16
Ormond Beach,29.2858,-81.0559,86.09,63,40,11.5,US,2021-07-12 22:05:32
Aklavik,68.2191,-135.0107,76.41,28,82,11.9,CA,2021-07-12 22:06:29
Arman,59.7,150.1667,51.57,93,100,2.17,RU,2021-07-12 22:06:29
Port Macquarie,-31.4333,152.9167,49.37,81,9,4.59,AU,2021-07-12 22:06:29
Magam,34.0833,74.5833,64.24,89,72,1.79,IN,2021-07-12 22:06:30
Novoanninskiy,50.5287,42.6747,63.43,67,0,6.15,RU,2021-07-12 22:06:30
Nishihara,26.1842,127.7558,81.68,83,75,4.61,JP,2021-07-12 22:06:30
Soure,-0.7167,-48.5233,78.19,85,88,10.76,BR,2021-07-12 22:06:31
Tuy Hoa,13.0833,109.3,76.14,92,90,4.25,VN,2021-07-12 22:06:31
Bourail,-21.5667,165.4833,67.08,74,87,5.41,NC,2021-07-12 22:06:31
Gillette,44.2911,-105.5022,84.24,22,1,7.0,US,2021-07-12 22:06:31
Marinette,45.1,-87.6307,81.3,60,1,9.22,US,2021-07-12 22:06:32
Tamandare,-8.7597,-35.1047,75.58,80,0,8.16,BR,2021-07-12 22:06:32
Sorland,67.667,12.6934,59.07,93,96,15.39,NO,2021-07-12 22:06:32
Ndola,-12.9587,28.6366,42.73,75,28,3.0,ZM,2021-07-12 22:06:32
Marystown,47.1666,-55.1483,62.85,100,38,10.0,CA,2021-07-12 22:06:33
Yamada,39.4667,141.95,69.3,95,65,2.3,JP,2021-07-12 22:06:33
Nikolsk,53.7189,46.0712,57.4,82,1,1.32,RU,2021-07-12 22:06:33
Southbridge,42.0751,-72.0334,70.84,97,99,7.54,US,2021-07-12 22:04:39
Marataizes,-21.0433,-40.8244,69.66,85,0,7.58,BR,2021-07-12 22:06:34
Sao Filipe,14.8961,-24.4956,73.29,80,100,4.29,CV,2021-07-12 22:06:34
Whitehorse,60.7161,-135.0538,63.01,55,100,15.99,CA,2021-07-12 22:06:34
Lugovoy,42.9472,72.7644,71.71,34,28,7.2,KZ,2021-07-12 22:06:34
Pocosol,10.3667,-84.6167,82.81,91,100,4.59,CR,2021-07-12 22:06:35
Zhezkazgan,47.8043,67.7144,66.09,54,84,8.84,KZ,2021-07-12 22:06:35
Varkaus,62.3153,27.873,66.31,66,6,3.74,FI,2021-07-12 22:06:35
Antofagasta,-23.65,-70.4,60.08,81,100,4.97,CL,2021-07-12 22:06:35
Sisimiut,66.9395,-53.6735,46.0,63,0,4.16,GL,2021-07-12 22:06:36
Alekseyevsk,57.8406,108.3492,60.17,75,1,1.05,RU,2021-07-12 22:06:36
Srednekolymsk,67.45,153.6833,40.68,88,100,8.21,RU,2021-07-12 22:06:36
Bermejo,-32.8833,-68.8,58.95,51,0,5.93,AR,2021-07-12 22:06:37
Samarai,-10.6167,150.6667,79.48,84,50,13.35,PG,2021-07-12 22:06:37
Peniche,39.3558,-9.3811,63.88,85,0,22.1,PT,2021-07-12 22:06:37
Borogontsy,62.6683,131.1683,63.63,54,21,4.09,RU,2021-07-12 22:06:37
Bodden Town,19.2833,-81.25,88.0,69,20,8.01,KY,2021-07-12 22:06:38
Swellendam,-34.0226,20.4417,43.56,91,92,13.8,ZA,2021-07-12 22:06:38
Rolla,37.9514,-91.7713,77.14,86,90,3.0,US,2021-07-12 22:02:19
Debar,41.525,20.5275,65.62,71,46,1.66,MK,2021-07-12 22:06:38
Dudinka,69.4058,86.1778,36.18,79,100,11.21,RU,2021-07-12 22:06:39
Careiro Da Varzea,-3.2003,-59.8119,84.83,76,91,1.74,BR,2021-07-12 22:06:39
Datong,40.0936,113.2914,65.64,86,98,0.22,CN,2021-07-12 22:06:39
Meadow Lake,34.8014,-106.5436,93.81,29,4,9.73,US,2021-07-12 22:02:20
Porto Novo,6.4965,2.6036,77.23,82,67,8.14,BJ,2021-07-12 22:03:52
Goderich,43.7501,-81.7165,77.2,77,100,10.13,CA,2021-07-12 22:04:17
Penzance,50.1186,-5.5371,59.68,94,34,11.77,GB,2021-07-12 22:06:40
Saldanha,-33.0117,17.9442,51.51,60,90,24.05,ZA,2021-07-12 22:06:40
Mayo,38.8876,-76.5119,93.74,67,1,1.99,US,2021-07-12 22:06:40
Husavik,66.0449,-17.3389,60.69,66,59,6.53,IS,2021-07-12 22:06:40
La Ronge,55.1001,-105.2842,62.82,82,90,11.5,CA,2021-07-12 22:06:41
Lawrenceburg,38.0373,-84.8966,83.12,69,75,10.36,US,2021-07-12 22:06:41
Mount Isa,-20.7333,139.5,44.37,61,54,0.0,AU,2021-07-12 22:06:41
Brenham,30.1669,-96.3977,82.89,69,1,5.75,US,2021-07-12 22:02:31
Almansa,38.8692,-1.0971,79.65,24,28,7.96,ES,2021-07-12 22:06:42
Vostok,46.4856,135.8833,71.85,75,2,0.76,RU,2021-07-12 22:06:42
Margate,51.3813,1.3862,63.3,96,97,1.01,GB,2021-07-12 22:06:42
Natal,-5.795,-35.2094,76.68,80,65,12.19,BR,2021-07-12 22:04:06
Camacari,-12.6975,-38.3242,74.97,91,61,5.1,BR,2021-07-12 22:06:42
Goksun,38.021,36.4973,70.75,41,0,6.08,TR,2021-07-12 22:06:43
Pasan,22.85,82.2,76.1,85,82,2.82,IN,2021-07-12 22:06:43
Lodja,-3.4833,23.4333,69.87,30,54,1.99,CD,2021-07-12 22:06:43
Harper,4.375,-7.7169,76.64,78,75,10.67,LR,2021-07-12 22:06:43
Zharkent,44.1628,80.0,67.39,49,34,6.76,KZ,2021-07-12 22:06:44
Asfi,32.2994,-9.2372,69.96,73,96,20.22,MA,2021-07-12 22:06:44
Znamenskoye,57.1281,73.8282,53.22,98,100,11.52,RU,2021-07-12 22:06:44
Kwinana,-32.25,115.7667,64.24,79,27,30.62,AU,2021-07-12 22:06:45
Gushikawa,26.3544,127.8686,81.63,89,1,3.44,JP,2021-07-12 22:06:45
Praia,14.9215,-23.5087,75.74,69,75,9.22,CV,2021-07-12 22:05:39
Port Elizabeth,-33.918,25.5701,53.1,58,0,20.71,ZA,2021-07-12 22:06:45
Wagga Wagga,-35.1167,147.3667,41.59,100,65,4.61,AU,2021-07-12 22:06:45
Christchurch,-43.5333,172.6333,42.03,85,20,1.99,NZ,2021-07-12 22:03:43
Sarkand,45.41,79.9186,66.58,38,5,8.95,KZ,2021-07-12 22:06:46
Valparaiso,-33.0393,-71.6273,56.84,75,75,4.61,CL,2021-07-12 22:06:46
Brae,60.3964,-1.353,57.11,93,88,4.43,GB,2021-07-12 22:06:46
Yulara,-25.2406,130.9889,51.64,54,96,4.61,AU,2021-07-12 22:06:47
Thinadhoo,0.5333,72.9333,81.43,75,90,5.35,MV,2021-07-12 22:06:47
Suozhen,36.9539,118.1047,80.96,84,100,8.88,CN,2021-07-12 22:06:47
Burnie,-41.0667,145.9167,49.91,89,38,2.33,AU,2021-07-12 22:06:48
Antonovo,43.15,26.1667,61.57,69,0,3.6,BG,2021-07-12 22:06:48
Dobra,44.7833,25.7167,74.75,62,2,5.53,RO,2021-07-12 22:06:48
Majitha,31.7583,74.9544,76.89,94,40,4.61,IN,2021-07-12 22:06:48
Asau,46.4333,26.4,68.4,89,11,4.21,RO,2021-07-12 22:06:49
Gao,16.6362,1.637,86.85,46,86,17.6,ML,2021-07-12 22:06:49
Xapuri,-10.6517,-68.5044,90.25,43,45,2.55,BR,2021-07-12 22:06:49
Nova Russas,-4.7067,-40.5631,85.71,37,57,8.3,BR,2021-07-12 22:06:50
Hofn,64.2539,-15.2082,53.1,98,100,11.77,IS,2021-07-12 22:06:50
Hualmay,-11.0964,-77.6139,65.71,76,97,11.14,PE,2021-07-12 22:06:50
Shingu,33.7333,135.9833,74.91,76,4,2.1,JP,2021-07-12 22:06:50
Atar,20.5169,-13.0499,97.65,24,74,3.04,MR,2021-07-12 22:06:51
Vestmanna,62.1564,-7.1664,49.12,100,90,5.75,FO,2021-07-12 22:06:51
San Cristobal,7.7669,-72.225,75.38,59,35,5.64,VE,2021-07-12 22:06:51
Bangkalan,-7.0455,112.7351,73.35,85,56,1.54,ID,2021-07-12 22:06:51
Aljezur,37.3191,-8.8033,62.71,76,0,18.05,PT,2021-07-12 22:06:52
Dzhebariki-Khaya,62.2167,135.8,58.86,67,96,2.62,RU,2021-07-12 22:06:52
Mwense,-10.3845,28.698,60.19,55,14,3.47,ZM,2021-07-12 22:06:52
Itarema,-2.9248,-39.9167,79.79,79,92,17.49,BR,2021-07-12 22:06:53
Eureka,40.8021,-124.1637,68.13,77,51,4.0,US,2021-07-12 22:06:53
Lasa,46.6166,10.7002,66.94,95,91,5.44,IT,2021-07-12 22:06:53
Sulangan,11.1373,123.7228,83.68,77,100,5.82,PH,2021-07-12 22:06:53
Punta Alta,-38.8759,-62.0736,48.43,58,28,7.61,AR,2021-07-12 22:06:54
Gombong,-7.6072,109.5142,71.83,93,60,2.95,ID,2021-07-12 22:06:54
Hoshiarpur,31.5322,75.9172,81.63,66,77,5.99,IN,2021-07-12 22:06:54
Bagdarin,54.4333,113.6,55.89,90,45,3.27,RU,2021-07-12 22:06:54
Nacala,-14.5428,40.6728,69.57,93,7,5.5,MZ,2021-07-12 22:06:55
Santa Helena,-2.2311,-45.3,76.77,85,100,3.51,BR,2021-07-12 22:06:55
Yenagoa,4.9247,6.2642,75.02,93,100,4.05,NG,2021-07-12 22:06:55
Ushtobe,45.2514,77.9838,71.26,38,1,7.96,KZ,2021-07-12 22:06:56
Okhtyrka,50.3104,34.8988,69.8,81,78,4.85,UA,2021-07-12 22:06:56
Kasongo-Lunda,-6.4667,16.8167,69.31,25,97,2.04,CD,2021-07-12 22:06:56
Yerbogachen,61.2767,108.0108,59.83,72,100,2.06,RU,2021-07-12 22:06:56
Mega,4.05,38.3,62.53,59,100,22.44,ET,2021-07-12 22:06:57
Zaria,11.1113,7.7227,69.53,89,56,7.83,NG,2021-07-12 22:03:33
San Juan Del Parana,-27.3,-55.9667,71.65,64,0,3.44,PY,2021-07-12 22:06:57
Quatre Cocos,-20.2078,57.7625,70.09,64,28,16.75,MU,2021-07-12 22:06:57
Faya,18.3851,42.4509,70.32,38,100,4.16,SA,2021-07-12 22:06:58
Englewood,39.6478,-104.9878,95.34,20,20,1.01,US,2021-07-12 22:06:58
Kieta,-6.2167,155.6333,80.64,80,99,5.21,PG,2021-07-12 22:06:58
Riviera Beach,26.7753,-80.0581,83.07,82,75,1.99,US,2021-07-12 22:06:58
Aksarayskiy,46.7924,48.0119,78.75,26,0,12.1,RU,2021-07-12 22:06:59
Den Helder,52.9599,4.7593,67.06,94,90,8.01,NL,2021-07-12 22:06:59
Brownsville,25.9018,-97.4975,91.89,63,20,7.0,US,2021-07-12 22:04:03
Manacapuru,-3.2997,-60.6206,84.78,84,97,3.4,BR,2021-07-12 22:06:59
Ambasamudram,8.7,77.4667,78.15,76,99,7.4,IN,2021-07-12 22:07:00
Xichang,27.8964,102.2634,65.68,95,98,0.27,CN,2021-07-12 22:07:00
Tezu,27.9167,96.1667,75.81,87,19,3.44,IN,2021-07-12 22:07:00
Talara,-4.5772,-81.2719,74.16,73,0,14.97,PE,2021-07-12 22:07:01
Saint Anthony,45.0205,-93.218,85.71,41,1,1.99,US,2021-07-12 22:07:01
Sitrah,26.1547,50.6206,98.6,45,0,1.99,BH,2021-07-12 22:07:01
Sankheda,22.1667,73.5833,83.03,80,100,7.47,IN,2021-07-12 22:07:02
Oneida,43.2001,-75.4663,78.44,85,90,5.01,US,2021-07-12 22:07:02
Nyrob,60.733,56.7202,43.9,77,4,4.76,RU,2021-07-12 22:07:02
Aksu,41.1231,80.2644,73.96,35,90,2.84,CN,2021-07-12 22:07:02
Havoysund,70.9963,24.6622,52.68,91,69,17.96,NO,2021-07-12 22:07:03
Poum,-20.2333,164.0167,69.91,74,20,7.63,NC,2021-07-12 22:07:03
Cabra,37.4725,-4.4421,80.04,29,0,5.03,ES,2021-07-12 22:07:03
Zhanakorgan,43.9098,67.2495,79.63,38,76,7.05,KZ,2021-07-12 22:07:04
Huayang,34.4155,109.9939,65.62,74,2,2.91,CN,2021-07-12 22:07:04
Albania,41.0,20.0,72.79,48,0,4.14,AL,2021-07-12 22:07:04
Severnyy,50.677,36.5532,71.64,60,0,4.47,RU,2021-07-12 22:07:05
Juba,4.8517,31.5825,68.32,91,41,3.33,SS,2021-07-12 22:07:05
Bom Jesus,-9.0744,-44.3586,83.46,33,61,6.26,BR,2021-07-12 22:07:05
Villa Carlos Paz,-31.4241,-64.4978,63.39,56,63,1.99,AR,2021-07-12 22:07:05
Jacareacanga,-6.2222,-57.7528,84.87,45,19,1.61,BR,2021-07-12 22:07:06
Araouane,18.9048,-3.5265,98.74,13,7,4.9,ML,2021-07-12 22:07:06
Jaguariaiva,-24.2511,-49.7058,58.57,59,93,3.04,BR,2021-07-12 22:02:19
Vysokogornyy,50.1167,139.15,70.93,87,13,2.08,RU,2021-07-12 22:07:06
Kastamonu,41.5,33.6667,59.88,91,0,2.89,TR,2021-07-12 22:07:07
Tautira,-17.7333,-149.15,86.02,78,23,17.85,PF,2021-07-12 22:07:07
Guanica,17.9716,-66.908,87.51,72,100,8.99,PR,2021-07-12 22:07:07
Harqalah,36.0303,10.509,87.66,69,0,5.75,TN,2021-07-12 22:07:07
Tadine,-21.55,167.8833,69.98,65,70,13.62,NC,2021-07-12 22:06:14
Port-Gentil,-0.7193,8.7815,75.78,83,82,16.71,GA,2021-07-12 22:07:08
Kamina,-8.7386,24.9906,58.84,39,6,2.42,CD,2021-07-12 22:07:08
Lakatoro,-16.0999,167.4164,80.62,75,31,6.71,VU,2021-07-12 22:07:08
Sistranda,63.7256,8.834,58.89,92,30,7.7,NO,2021-07-12 22:07:08
Podgorica,42.4411,19.2636,78.58,69,0,2.3,ME,2021-07-12 22:07:09
Bairiki,1.3292,172.9752,86.0,70,20,10.36,KI,2021-07-12 22:07:09
Oranjemund,-28.55,16.4333,54.75,67,46,12.84,NA,2021-07-12 22:07:09
Tazovskiy,67.4667,78.7,38.64,75,100,9.6,RU,2021-07-12 22:07:10
Port Keats,-14.25,129.55,65.64,33,34,8.93,AU,2021-07-12 22:07:10
Gladstone,-23.85,151.25,63.79,82,90,5.75,AU,2021-07-12 22:07:10
Leon,21.1167,-101.6667,77.05,56,100,7.0,MX,2021-07-12 22:04:04
Ipixuna,-1.7625,-48.8043,75.15,92,93,3.58,BR,2021-07-12 22:07:11
Tilichiki,60.4667,166.1,59.4,67,2,4.43,RU,2021-07-12 22:07:11
Chapais,49.7834,-74.8492,79.29,24,0,4.47,CA,2021-07-12 22:07:11
Ryotsu,38.0833,138.4333,73.36,88,0,4.99,JP,2021-07-12 22:07:11
Glencoe,-28.1783,30.147,59.56,24,0,13.58,ZA,2021-07-12 22:07:12
Levelland,33.5873,-102.378,85.19,36,40,10.85,US,2021-07-12 22:07:12
Labuhan,-6.8844,112.2051,75.87,86,34,9.19,ID,2021-07-12 22:07:12
Marsh Harbour,26.5412,-77.0636,83.17,73,48,17.81,BS,2021-07-12 22:05:27
Ponta Delgada,37.7333,-25.6667,68.72,77,20,11.5,PT,2021-07-12 22:04:40
Komsomolskiy,40.4272,71.7189,71.85,66,99,2.84,UZ,2021-07-12 22:07:13
Kapoeta,4.7717,33.5903,72.99,80,85,5.14,SS,2021-07-12 22:07:13
Vredendal,-31.6683,18.5012,47.5,76,53,12.44,ZA,2021-07-12 22:07:13
Dehloran,32.6941,47.2679,96.78,10,0,8.81,IR,2021-07-12 22:07:13
Oranjestad,12.524,-70.027,84.15,74,20,23.02,AW,2021-07-12 22:07:14
Noumea,-22.2763,166.4572,69.01,99,98,8.66,NC,2021-07-12 22:07:14
Sri Aman,1.2376,111.4621,73.78,100,100,1.9,MY,2021-07-12 22:07:14
Svetlyy,54.675,20.1347,73.45,91,44,5.86,RU,2021-07-12 22:07:15
Kendari,-3.945,122.4989,72.48,96,30,3.56,ID,2021-07-12 22:07:15
Belmonte,-15.8631,-38.8828,73.9,81,0,7.72,BR,2021-07-12 22:07:15
Mahdasht,35.7299,50.8111,80.82,56,0,17.22,IR,2021-07-12 22:07:15
Kintampo,8.0563,-1.7306,73.62,86,63,5.37,GH,2021-07-12 22:07:16
Novopokrovka,49.8425,36.5477,73.78,63,42,5.88,UA,2021-07-12 22:07:16
Kulhudhuffushi,6.6221,73.07,81.72,80,100,15.61,MV,2021-07-12 22:07:16
Mercedes,-34.6515,-59.4307,62.85,97,100,3.98,AR,2021-07-12 22:07:16
Tommot,58.9564,126.2925,58.06,94,100,5.5,RU,2021-07-12 22:07:17
Ghanzi,-21.5667,21.7833,54.61,33,0,7.14,BW,2021-07-12 22:07:17
Ypsonas,34.6884,32.9574,79.99,78,0,16.11,CY,2021-07-12 22:07:17
Wajima,37.4,136.9,75.06,86,0,6.49,JP,2021-07-12 22:07:17
Prado,-17.3411,-39.2208,71.29,81,0,7.63,BR,2021-07-12 22:07:18
Gat,31.61,34.7642,82.4,100,0,2.95,IL,2021-07-12 22:07:18
Wladyslawowo,54.7909,18.4009,66.76,91,26,2.66,PL,2021-07-12 22:07:18
Sabha,27.0377,14.4283,84.97,27,0,9.48,LY,2021-07-12 22:07:19
Raudeberg,61.9875,5.1352,61.47,90,99,7.45,NO,2021-07-12 22:07:19
Mangai,-4.05,19.5333,69.06,29,90,1.3,CD,2021-07-12 22:07:19
Calderitas,18.55,-88.25,89.71,58,40,11.5,MX,2021-07-12 22:07:19
